chrom	start	end
1	121700000	125100000
2	91800000	96000000
3	87800000	94000000
4	48200000	52700000
5	46100000	50700000
6	58500000	62600000
7	58100000	62100000
8	43200000	47200000
9	42200000	45500000
10	38000000	41600000
11	51000000	55800000
12	33200000	37800000
13	16500000	18900000
14	16100000	18200000
15	17500000	20500000
16	35300000	38400000
17	22700000	27400000
18	15400000	21500000
19	24200000	28100000
20	25700000	30400000
21	10900000	13000000
22	13700000	17400000
X	58100000	63800000
Y	10300000	11600000
